"logFC","logCPM","F","PValue","FDR","dir","gene"
2.21716277962088,4.63328209489334,977.034910738914,6.56342157324222e-11,1.12516736030091e-06,"mutant","Slc16a11"
6.20534891152503,1.50467866143318,852.79693615031,1.50420917292385e-10,1.28933289257168e-06,"mutant","Igfbp5"
6.59919679208748,4.3321237042031,619.275020411591,5.62673518334163e-10,2.58362123861988e-06,"mutant","Kcnq3"
5.48824891478398,-1.34170947728101,292.677622765894,7.08032959395688e-10,2.58362123861988e-06,"mutant","Gm13530"
3.93842032425013,2.68527412485788,581.449485661876,7.53549915014841e-10,2.58362123861988e-06,"mutant","Ly6c1"
-2.68669499300986,2.54115424244046,534.61829256324,1.11731327744369e-09,3.19235025253618e-06,"wt","Ank2"
-3.28199496749496,4.55738265494925,482.577879291988,1.8005783905118e-09,4.4096164783634e-06,"wt","Mertk"
3.21941587139493,4.53434608813408,433.608898340963,2.96612216638655e-09,6.35602903729557e-06,"mutant","Lypd6b"
1.88441645526832,4.95066002992396,409.225921413797,3.88392096967883e-09,7.39800635368936e-06,"mutant","4933406J09Rik"
3.02566523458822,3.03666852437862,384.598352935271,5.18577950154331e-09,8.8899817994957e-06,"mutant","Scimp"
2.25728937806403,2.1711493078942,359.26152538081,7.1187077719301e-09,1.10941824849271e-05,"mutant","Gm10419"
3.58528406725673,2.87145402627273,343.503382114339,8.76709002812227e-09,1.23324085756379e-05,"mutant","Nsg2"
1.6837206953036,3.5095748436308,338.71896926033,9.35199856987068e-09,1.23324085756379e-05,"mutant","Slamf1"
-3.62277234604976,-0.380920921347548,291.572171245245,1.00745617007144e-08,1.23363008025248e-05,"wt","Adam33"
1.00398177562346,5.12206176959919,324.046359524987,1.14817114112794e-08,1.31220652482376e-05,"mutant","Laptm4b"
3.79445642109581,3.78370002790673,303.940792367987,1.54463060843178e-08,1.51531630072233e-05,"mutant","Gpc6"
-1.78639624915873,2.0568088259712,302.39361329804,1.58291943516963e-08,1.51531630072233e-05,"wt","Rims3"
1.03880883695806,6.22836226203714,301.985526712499,1.5910688568513e-08,1.51531630072233e-05,"mutant","C030034L19Rik"
2.33404189636279,1.489972343262,287.079964624026,2.0118057581118e-08,1.74342618297308e-05,"mutant","Tshz2"
2.96407491254454,1.6019237401628,286.424142913986,2.03398026363306e-08,1.74342618297308e-05,"mutant","Dtna"
1.24594637866736,6.44117670783908,279.732295656772,2.26564203986503e-08,1.76183029341593e-05,"mutant","Tgfbr3"
1.83193352541284,4.77448028347627,277.582927428067,2.34769856785083e-08,1.76183029341593e-05,"mutant","Myo5c"
-0.713061490995965,4.95847447835988,277.172581044156,2.36376927892238e-08,1.76183029341593e-05,"wt","Myo10"
5.41584280758733,1.24697655931596,267.318918357454,3.02033940453381e-08,2.15740326716346e-05,"mutant","Synm"
-3.82215773501104,6.31965075584994,252.527558242218,3.62941739406587e-08,2.48876409545885e-05,"wt","Hbb-bs"
1.01554736948692,2.93720736970569,246.324849363078,4.0690002131064e-08,2.65831207610993e-05,"mutant","Lzts1"
4.69234596463154,-1.06717015787849,224.746420423233,4.24815812721861e-08,2.65831207610993e-05,"mutant","Mab21l2"
0.834822556260072,9.44601658687275,242.862873678622,4.34187354203338e-08,2.65831207610993e-05,"mutant","Pde4d"
1.26067085416256,3.03510679205427,216.508889211453,7.35000565056428e-08,4.34486713336632e-05,"mutant","Robo1"
1.11374502536453,5.45543011888314,211.695631492949,8.14482301219802e-08,4.65422336327036e-05,"mutant","Tmem71"
1.44195821404545,3.81039911496665,204.234212772579,9.59461890636433e-08,5.30582425521948e-05,"mutant","Adamts17"
-3.04914648411298,0.966118521473323,201.592529681674,1.05842936212749e-07,5.67020454842236e-05,"wt","Gm5820"
-2.54856143331149,1.82343139322314,196.866582902421,1.13814444243096e-07,5.91248793230122e-05,"wt","Kcnk13"
-0.931401544697411,4.70057835290993,192.835948012949,1.24642388675244e-07,6.21894001030372e-05,"wt","Itgb5"
-0.810341015833095,4.7472584064149,191.477373530016,1.28717321155444e-07,6.21894001030372e-05,"wt","Epb41l3"
1.23845243997484,6.5198495687571,190.55410905151,1.31578012506998e-07,6.21894001030372e-05,"mutant","Cd48"
-0.987654945509827,3.98687091351713,189.723914273621,1.3422433668625e-07,6.21894001030372e-05,"wt","Mpzl1"
-2.26342712074748,3.08950681014412,187.719291238191,1.40910923901482e-07,6.35693675906081e-05,"wt","Dgki"
-2.38760724290985,0.480530628404783,173.81406435641,2.06190139818681e-07,8.96394231008726e-05,"wt","D630033O11Rik"
-2.08693633019665,1.36434951996708,170.574413059934,2.18281330608387e-07,8.96394231008726e-05,"wt","Fgf1"
0.908325458183765,5.15489851030351,170.37781147143,2.18634162701398e-07,8.96394231008726e-05,"mutant","Prickle1"
-0.524609838484346,6.67150240181403,169.924974321425,2.21282815214027e-07,8.96394231008726e-05,"wt","Myo9a"
-3.96292486665374,5.29638230658697,169.332432566502,2.24843679247362e-07,8.96394231008726e-05,"wt","Hba-a1"
0.92301951516762,4.87515459157176,167.279268460798,2.37560601815573e-07,9.25568499300994e-05,"mutant","Msrb3"
1.09164533641643,4.22391560191454,165.000456624888,2.52755785434726e-07,9.62887206601668e-05,"mutant","Ffar2"
-0.591879258060274,5.18004461552481,162.798657996626,2.68566842014712e-07,0.000100087855927352,"wt","Snx25"
2.36588790313719,1.10059874656163,161.052433154278,2.82250732878127e-07,0.00010258749689129,"mutant","Gm42517"
-2.75224809156587,2.90170054506435,160.419954945821,2.87242597607298e-07,0.00010258749689129,"wt","Samd4"
-0.534811141638162,5.24157552896357,157.597065361969,3.10941251195402e-07,0.000108785017739648,"wt","Tmem65"
2.65126022833807,-0.010209097441393,157.019811255827,3.18013584913777e-07,0.000109034137723538,"mutant","Tm4sf1"
0.942043972541871,6.21533216510702,153.653561271944,3.48542696318284e-07,0.000117158185156556,"mutant","Smad1"
0.526884067818929,5.43905754569524,152.540332682584,3.60139118737876e-07,0.000118427562579938,"mutant","Ccdc91"
0.440966968283545,5.409250801103,151.353522137274,3.73020208866891e-07,0.000118427562579938,"mutant","Acads"
-2.38471944911288,1.93741291690773,151.170854398383,3.75792744428834e-07,0.000118427562579938,"wt","Kitl"
-3.46366222471265,4.69668384934249,150.740855183312,3.79951930344547e-07,0.000118427562579938,"wt","Hba-a2"
-1.20631822869257,3.23307377218999,149.86821858861,3.89984657818071e-07,0.000119384053374557,"wt","Hnf4a"
-1.60684034604993,1.4988939966493,148.814967585018,4.03130860560943e-07,0.000121243374431513,"wt","Dmpk"
0.577769442933144,7.70839658560033,147.171241657004,4.23089532225672e-07,0.000125052135361116,"mutant","Psd3"
-2.34276999059886,3.24356761411754,145.163476411211,4.50139043926811e-07,0.000130743327368529,"wt","Adgre4"
-2.5901576005642,0.357585319950562,145.674444020563,4.6534062544807e-07,0.000130743327368529,"wt","Slc39a12"
0.716235601166565,4.48210916082132,143.625506727337,4.7203264263034e-07,0.000130743327368529,"mutant","Paox"
-0.893503078649748,5.70075490251657,143.569963335978,4.72851093557067e-07,0.000130743327368529,"wt","Blvrb"
0.568059037451976,11.4520205632466,142.257608871432,4.92726955338622e-07,0.000134076479291587,"mutant","mt-Cytb"
0.375615681649227,6.22592075093642,141.093023427644,5.11218289171334e-07,0.000136934611426003,"mutant","Ech1"
-0.411339137047565,6.52324601206058,139.751867389431,5.33564662990427e-07,0.000138368446047696,"wt","Acer3"
0.673753084364189,4.03791341854947,138.894492839871,5.48474907799017e-07,0.000138368446047696,"mutant","5830418P13Rik"
1.60072822964488,1.57697272230776,138.815344366017,5.50061749383818e-07,0.000138368446047696,"mutant","Fgf12"
0.793388603983849,6.99960061176626,138.694090761331,5.52027238131341e-07,0.000138368446047696,"mutant","Lgals9"
1.1236784600008,3.21482876547076,138.421642540347,5.56928354272356e-07,0.000138368446047696,"mutant","Clec4e"
-2.68688770642163,2.11974782669226,134.727150609337,6.29863851649011e-07,0.000154253657268843,"wt","Tmem26"
-2.64212191989266,2.65344881436377,133.736179990166,6.5019440831271e-07,0.00015698989777049,"wt","Dlc1"
1.32531550811303,4.09241672043084,132.702199255855,6.72521978380919e-07,0.00016012561493589,"mutant","Emp1"
-0.451989385307792,9.90469756164896,131.86413833208,6.91806504635032e-07,0.000162460806972032,"wt","Meis1"
0.896644763677259,6.47352275407153,131.199147706235,7.07590821096289e-07,0.000163853053782365,"mutant","Gata2"
-1.08690438938683,5.65831737585125,130.779078464045,7.17787687333776e-07,0.000163853053782365,"wt","Sirpa"
3.4914406426143,-1.35372088892991,133.210455827534,7.26409151692221e-07,0.000163853053782365,"mutant","1700010L04Rik"
1.20561734310291,2.69654998005302,128.100901086946,7.87238351378205e-07,0.000172211203990427,"mutant","Gpr174"
0.687714690665052,3.74668310131072,127.950318068842,7.91284514922893e-07,0.000172211203990427,"mutant","Ctxn1"
-1.89633229105073,2.85001886485954,127.874598034126,7.93600018389064e-07,0.000172211203990427,"wt","Adap2"
0.327469668598289,8.4943221625973,127.417575160831,8.06117695211669e-07,0.000172740945612671,"mutant","Clic1"
-0.341640247222291,6.79339908684533,125.475381812645,8.63159997213938e-07,0.00018268088681776,"wt","Dip2c"
-0.408864829751019,7.10836127831049,124.536608726991,8.92479074074659e-07,0.000185266399092575,"wt","Fyb"
0.483152738170468,10.0126223190225,124.395462984892,8.96990674017602e-07,0.000185266399092575,"mutant","Ubb"
0.380314692217281,6.16806167492694,122.527911023059,9.59367683180659e-07,0.000195790954675786,"mutant","Dap"
1.31616435890969,2.73004342832221,120.81029572152,1.02154921443785e-06,0.000206028449213036,"mutant","Armcx4"
1.51006107537623,2.31594833350247,119.256652328042,1.08199189040911e-06,0.000210907502518038,"mutant","Hmcn1"
0.377541376864772,6.52057941538643,119.085620095304,1.08869884805577e-06,0.000210907502518038,"mutant","1110038B12Rik"
5.52198474191479,-2.11615048330502,62.8290273151252,1.09223686544154e-06,0.000210907502518038,"mutant","Gm32772"
0.685957651228689,4.49423239049936,118.931972756883,1.0949523259701e-06,0.000210907502518038,"mutant","Ppic"
-2.64788251364378,-0.366671917423036,119.731488276018,1.12748854434016e-06,0.00021239622588139,"wt","Gm36287"
0.503741608079312,8.27504754546424,118.036710212085,1.13223872999601e-06,0.00021239622588139,"mutant","Ifi203"
-1.76571088040652,3.94320251552521,117.860721141497,1.13985024681141e-06,0.00021239622588139,"wt","E230029C05Rik"
-3.04406424506508,-0.787692238670254,108.860132985251,1.19150360853525e-06,0.000219633831839997,"wt","Gm5427"
-3.30411773316113,-0.988163371250877,96.2512883662314,1.22635652447368e-06,0.000223653509564386,"wt","Il1a"
-1.35926235940171,2.87305742159201,115.604848211445,1.24177941850579e-06,0.000224082363909945,"wt","Gm13710"
-0.700848790198751,5.90248427368421,114.47807274452,1.2965438686464e-06,0.000231527620210471,"wt","Tnip3"
-1.1060055211605,4.12673145134874,111.981855930972,1.42925215251796e-06,0.000252594532480571,"wt","Slc7a8"
1.82095150760078,0.226918986222221,111.405602064106,1.46470768085751e-06,0.00025621922217286,"mutant","Gadl1"
-3.06281834845157,0.851994341007106,111.922550603599,1.4872311722307e-06,0.000257531353389403,"wt","4933427D06Rik"
-0.467862726588482,7.09969407775088,110.127304334589,1.5384800689132e-06,0.000263741638213791,"wt","Med12l"
